City_ID,City,Country,Date,Lat,Lng,Max Temp,Humidity,Cloudiness,Wind Speed
0,Bengkulu,ID,2022-03-28 01:08:15,-3.8004,102.2655,76.6,79,20,5.5
1,Havelock,US,2022-03-28 01:08:16,34.8791,-76.9013,55.92,44,0,6.91
2,Inirida,CO,2022-03-28 01:08:16,3.8653,-67.9239,74.05,96,90,3.31
3,Siavonga,ZM,2022-03-28 01:08:16,-16.5382,28.7088,73.31,88,95,4.43
4,Shitanjing,CN,2022-03-28 01:08:17,39.2342,106.3439,42.93,33,12,10.11
5,Albany,US,2022-03-28 01:06:51,42.6001,-73.9662,27.36,66,100,3.0
6,Ambilobe,MG,2022-03-28 01:08:18,-13.2,49.05,73.0,96,97,2.64
7,Mar Del Plata,AR,2022-03-28 01:08:18,-38.0023,-57.5575,60.87,77,0,3.0
8,Kapaa,US,2022-03-28 01:08:19,22.0752,-159.319,79.2,71,40,11.5
9,Kodiak,US,2022-03-28 01:08:19,57.79,-152.4072,33.31,100,100,32.21
10,Ailigandi,PA,2022-03-28 01:08:20,9.2333,-78.0167,78.76,87,93,12.93
11,Prince Rupert,CA,2022-03-28 01:08:21,54.3161,-130.3201,47.32,73,14,6.53
12,Cabo San Lucas,MX,2022-03-28 01:08:22,22.8909,-109.9124,83.5,26,40,6.91
13,Verkhnyaya Inta,RU,2022-03-28 01:08:23,65.9811,60.3094,21.88,78,100,12.71
14,Ostrovnoy,RU,2022-03-28 01:08:23,68.0531,39.5131,19.87,74,100,7.94
15,Rikitea,PF,2022-03-28 01:08:03,-23.1203,-134.9692,79.3,63,5,7.54
16,Sobolevo,RU,2022-03-28 01:08:24,54.4299,31.8996,23.45,75,100,7.72
17,Ixtapa,MX,2022-03-28 01:08:25,20.7,-105.2,74.43,78,0,8.05
18,Tulun,RU,2022-03-28 01:08:25,54.5611,100.5792,12.9,94,81,3.91
19,Sao Joao Da Barra,BR,2022-03-28 01:04:38,-21.6403,-41.0511,77.11,91,3,3.78
20,New Norfolk,AU,2022-03-28 01:04:26,-42.7826,147.0587,65.7,76,100,2.48
21,Chokurdakh,RU,2022-03-28 01:08:26,70.6333,147.9167,-2.33,93,21,5.23
22,Cayenne,GF,2022-03-28 01:08:27,4.9333,-52.3333,81.09,1,75,8.05
23,Vaini,TO,2022-03-28 01:08:27,-21.2,-175.2,84.36,79,75,4.61
24,Qaanaaq,GL,2022-03-28 01:08:28,77.484,-69.3632,10.33,95,100,6.89
25,Ushuaia,AR,2022-03-28 01:08:29,-54.8,-68.3,44.26,76,20,5.75
26,Touros,BR,2022-03-28 01:08:29,-5.1989,-35.4608,80.26,83,96,9.95
27,Atuona,PF,2022-03-28 01:08:30,-9.8,-139.0333,79.11,78,91,15.37
28,Punta Arenas,CL,2022-03-28 01:08:31,-53.15,-70.9167,42.12,75,30,10.54
29,Sonoita,MX,2022-03-28 01:08:31,31.85,-112.8333,78.39,11,56,14.09
30,Jamestown,US,2022-03-28 01:06:41,42.097,-79.2353,20.01,53,100,14.97
31,Vaitape,PF,2022-03-28 01:08:33,-16.5167,-151.75,82.67,70,99,12.57
32,Bonfim,BR,2022-03-28 01:08:33,3.0833,-59.95,80.08,71,99,7.83
33,East London,ZA,2022-03-28 01:07:40,-33.0153,27.9116,69.87,83,100,17.31
34,Baldeogarh,IN,2022-03-28 01:08:34,24.755,79.0681,74.7,13,6,5.19
35,Hithadhoo,MV,2022-03-28 01:08:34,-0.6,73.0833,81.39,66,2,6.06
36,Porto Torres,IT,2022-03-28 01:08:35,40.835,8.3972,48.38,61,50,7.02
37,Krasnyy Kommunar,RU,2022-03-28 01:08:35,51.9644,55.3668,32.11,100,100,13.42
38,Vostok,RU,2022-03-28 01:08:36,46.4856,135.8833,26.31,84,100,9.06
39,Ko Samui,TH,2022-03-28 01:08:04,9.5357,99.9357,83.68,74,26,2.51
40,Atasu,KZ,2022-03-28 01:08:37,48.6814,71.6433,19.49,98,88,7.29
41,Hami,CN,2022-03-28 01:08:37,42.8,93.45,48.4,38,100,14.5
42,Hermanus,ZA,2022-03-28 01:08:37,-34.4187,19.2345,59.81,64,100,4.34
43,Dauphin,CA,2022-03-28 01:05:37,51.1494,-100.0502,13.35,86,70,5.32
44,Sao Jose Da Coroa Grande,BR,2022-03-28 01:09:38,-8.8978,-35.1478,78.69,85,93,8.55
45,Port-Gentil,GA,2022-03-28 01:09:39,-0.7193,8.7815,81.54,82,100,10.83
46,Saskylakh,RU,2022-03-28 01:09:39,71.9167,114.0833,-1.32,95,100,5.44
47,Hobart,AU,2022-03-28 01:07:38,-42.8794,147.3294,66.06,78,0,3.44
48,Egvekinot,RU,2022-03-28 01:09:40,66.3167,-179.1667,5.52,85,9,0.94
49,Upernavik,GL,2022-03-28 01:09:40,72.7868,-56.1549,13.96,76,95,4.79
50,Baglung,NP,2022-03-28 01:09:41,28.2719,83.5898,61.05,32,0,6.06
51,Mnogovershinnyy,RU,2022-03-28 01:09:41,53.9353,139.9242,15.98,70,4,6.93
52,Russell,US,2022-03-28 01:09:42,32.3502,-85.1999,64.0,56,0,4.61
53,Salta,AR,2022-03-28 01:09:42,-24.7859,-65.4117,63.57,76,0,1.99
54,Nikolskoye,RU,2022-03-28 01:09:43,59.7035,30.7861,24.87,93,100,11.99
55,Norman Wells,CA,2022-03-28 01:09:43,65.282,-126.8329,12.61,91,100,2.46
56,Yellowknife,CA,2022-03-28 01:09:44,62.456,-114.3525,17.42,72,100,2.68
57,Fortuna,US,2022-03-28 01:09:44,40.5982,-124.1573,60.93,74,100,6.91
58,Nantucket,US,2022-03-28 01:09:06,41.2835,-70.0995,44.71,67,100,13.8
59,Sayyan,YE,2022-03-28 01:09:45,15.1718,44.3244,49.6,28,28,6.8
60,Maceio,BR,2022-03-28 01:09:45,-9.6658,-35.7353,76.44,94,75,3.44
61,Pevek,RU,2022-03-28 01:09:46,69.7008,170.3133,-7.51,93,24,7.45
62,Cidreira,BR,2022-03-28 01:09:46,-30.1811,-50.2056,69.15,79,0,9.01
63,Beidao,CN,2022-03-28 01:09:46,34.5686,105.8933,53.46,62,99,13.98
64,Barrow,US,2022-03-28 01:05:02,71.2906,-156.7887,3.22,78,0,18.41
65,Cape Town,ZA,2022-03-28 01:08:26,-33.9258,18.4232,66.11,72,67,7.72
66,Oistins,BB,2022-03-28 01:05:14,13.0667,-59.5333,78.89,69,40,17.27
67,Gloversville,US,2022-03-28 01:09:48,43.0528,-74.3438,24.94,73,75,18.41
68,Emerald,AU,2022-03-28 01:06:40,-23.5333,148.1667,80.35,58,0,3.58
69,Jalu,LY,2022-03-28 01:09:48,29.0331,21.5482,59.45,19,0,9.64
70,San Patricio,US,2022-03-28 01:09:49,28.017,-97.5169,72.18,69,3,14.92
71,Sampit,ID,2022-03-28 01:09:49,-2.5333,112.95,81.36,81,70,1.25
72,Tarakan,ID,2022-03-28 01:09:50,3.3,117.6333,78.3,83,20,4.61
73,Sitka,US,2022-03-28 01:09:50,57.0531,-135.33,44.49,65,20,6.91
74,Hofn,IS,2022-03-28 01:09:51,64.2539,-15.2082,32.18,78,100,6.89
75,Mackay,AU,2022-03-28 01:09:52,-21.15,149.2,87.67,72,2,8.5
76,Komsomolskiy,UZ,2022-03-28 01:09:52,40.4272,71.7189,44.85,68,4,0.6
77,Ipixuna,BR,2022-03-28 01:09:53,-1.7625,-48.8043,75.06,97,100,2.55
78,Tuktoyaktuk,CA,2022-03-28 01:09:53,69.4541,-133.0374,-7.19,85,8,8.21
79,Abadiania,BR,2022-03-28 01:09:54,-16.2042,-48.7069,66.51,74,12,1.52
80,Pisco,PE,2022-03-28 01:08:16,-13.7,-76.2167,69.85,78,0,9.22
81,Yumen,CN,2022-03-28 01:09:55,40.2833,97.2,43.14,31,100,19.26
82,Nizhniy Baskunchak,RU,2022-03-28 01:09:56,48.2198,46.8311,30.4,75,100,17.2
83,Tasiilaq,GL,2022-03-28 01:09:56,65.6145,-37.6368,26.76,69,100,8.72
84,Port Pirie,AU,2022-03-28 01:09:57,-33.1833,138.0167,75.29,31,0,10.51
85,Gunnedah,AU,2022-03-28 01:09:58,-30.9833,150.25,69.8,70,100,4.5
86,Mataura,NZ,2022-03-28 01:09:58,-46.1927,168.8643,73.62,46,0,2.51
87,Lorengau,PG,2022-03-28 01:09:59,-2.0226,147.2712,82.72,76,100,5.14
88,Ponta Do Sol,PT,2022-03-28 01:09:13,32.6667,-17.1,62.06,78,100,5.75
89,Lagoa,PT,2022-03-28 01:09:59,39.05,-27.9833,58.71,84,100,11.14
90,Coihaique,CL,2022-03-28 01:11:00,-45.5752,-72.0662,47.01,99,100,4.65
91,Tual,ID,2022-03-28 01:11:00,-5.6667,132.75,79.21,85,100,16.84
92,Saint-Philippe,RE,2022-03-28 01:07:55,-21.3585,55.7679,78.39,84,47,8.46
93,Dikson,RU,2022-03-28 01:11:01,73.5069,80.5464,-18.02,100,92,4.47
94,Mikuni,JP,2022-03-28 01:11:01,36.2171,136.1519,47.64,46,100,12.95
95,Rundu,NA,2022-03-28 01:11:02,-17.9333,19.7667,65.01,46,11,1.74
96,Thompson,CA,2022-03-28 01:10:14,55.7435,-97.8558,4.44,90,42,2.98
97,Plouzane,FR,2022-03-28 01:11:02,48.3833,-4.6167,55.45,72,0,6.91
98,Busselton,AU,2022-03-28 01:11:03,-33.65,115.3333,64.9,59,2,15.59
99,Lasa,IT,2022-03-28 01:11:03,46.6166,10.7002,41.02,68,1,1.23
100,Mecca,SA,2022-03-28 01:09:01,21.4267,39.8261,70.63,47,2,0.67
101,Beni,CD,2022-03-28 01:11:04,0.5,29.4667,61.3,98,86,2.42
102,Bugiri,UG,2022-03-28 01:11:05,0.5714,33.7417,64.63,92,98,2.01
103,Ribeira Grande,PT,2022-03-28 01:11:05,38.5167,-28.7,60.12,83,99,9.93
104,Lebu,CL,2022-03-28 01:11:06,-37.6167,-73.65,53.53,86,2,9.42
105,Ukiah,US,2022-03-28 01:11:07,39.1502,-123.2078,57.43,75,100,10.36
106,Qaqortoq,GL,2022-03-28 01:11:08,60.7167,-46.0333,22.84,81,70,4.12
107,Naze,JP,2022-03-28 01:11:08,28.3667,129.4833,63.66,61,96,17.31
108,Blackfoot,US,2022-03-28 01:11:09,43.1905,-112.345,69.76,28,63,9.33
109,Buala,SB,2022-03-28 01:11:10,-8.145,159.5921,82.94,78,100,7.76
110,Esperance,AU,2022-03-28 01:11:07,-33.8667,121.9,65.08,64,63,12.46
111,Nikel,RU,2022-03-28 01:11:11,69.4128,30.222,5.18,97,90,1.77
112,Okhotsk,RU,2022-03-28 01:11:11,59.3833,143.3,13.32,69,0,18.43
113,Hanzhong,CN,2022-03-28 01:11:12,33.0728,107.0303,58.89,59,32,2.91
114,Castro,BR,2022-03-28 01:11:13,-24.7911,-50.0119,61.74,81,4,1.88
115,Agua Prieta,MX,2022-03-28 01:06:38,31.3,-109.5667,80.37,9,2,15.26
116,Tiksi,RU,2022-03-28 01:11:14,71.6872,128.8694,0.12,93,100,3.89
117,Port Hueneme,US,2022-03-28 01:09:54,34.1478,-119.1951,64.33,75,100,9.22
118,Salalah,OM,2022-03-28 01:11:15,17.0151,54.0924,75.29,53,0,2.3
119,Coquimbo,CL,2022-03-28 01:07:20,-29.9533,-71.3436,62.87,81,4,3.29
120,Aykhal,RU,2022-03-28 01:11:16,66.0,111.5,6.31,96,99,5.03
121,Bredasdorp,ZA,2022-03-28 01:11:16,-34.5322,20.0403,64.92,69,100,4.03
122,Bluff,NZ,2022-03-28 01:11:17,-46.6,168.3333,59.29,77,0,2.82
123,Anloga,GH,2022-03-28 01:11:18,5.7947,0.8973,82.18,85,41,12.01
124,Talnakh,RU,2022-03-28 01:11:18,69.4865,88.3972,4.57,97,96,5.1
125,Upington,ZA,2022-03-28 01:11:19,-28.4478,21.2561,76.23,34,0,14.56
126,Lewistown,US,2022-03-28 01:06:43,40.5992,-77.5714,27.81,70,0,21.85
127,Beloha,MG,2022-03-28 01:11:19,-25.1667,45.05,72.46,86,100,11.59
128,Bathsheba,BB,2022-03-28 01:11:20,13.2167,-59.5167,79.41,69,40,17.27
129,Kaeo,NZ,2022-03-28 01:11:20,-35.1,173.7833,75.33,61,3,3.71
130,Margate,GB,2022-03-28 01:11:21,51.3813,1.3862,45.3,92,0,1.01
131,Hobyo,SO,2022-03-28 01:11:21,5.3505,48.5268,79.16,66,70,11.95
132,Acapulco,MX,2022-03-28 01:11:22,16.8634,-99.8901,78.62,65,75,3.44
133,Lima,PE,2022-03-28 01:10:16,-12.0432,-77.0282,70.05,73,0,9.22
134,Newcastle,AU,2022-03-28 01:11:22,-32.9272,151.7765,75.97,81,75,8.05
135,Avarua,CK,2022-03-28 01:11:23,-21.2078,-159.775,75.25,94,75,16.11
136,Amberley,US,2022-03-28 01:11:23,39.2048,-84.428,34.25,56,0,8.05
137,Bani,DO,2022-03-28 01:11:24,18.2833,-70.3333,79.86,80,100,4.16
138,Rio Gallegos,AR,2022-03-28 01:09:38,-51.6226,-69.2181,46.45,49,0,4.61
139,Mahebourg,MU,2022-03-28 01:11:25,-20.4081,57.7,75.49,88,40,0.0
140,Dawlatabad,AF,2022-03-28 01:12:25,36.4141,64.9053,47.07,55,0,2.06
141,Teacapan,MX,2022-03-28 01:12:26,22.55,-105.75,71.96,60,0,6.24
142,Teknaf,BD,2022-03-28 01:12:26,20.8624,92.3058,77.36,85,92,0.56
143,Xichang,CN,2022-03-28 01:12:27,27.8964,102.2634,52.57,74,23,2.46
144,Salihorsk,BY,2022-03-28 01:12:27,52.7876,27.5415,31.84,55,88,11.86
145,Carnarvon,AU,2022-03-28 01:11:07,-24.8667,113.6333,82.47,57,0,11.5
146,Meulaboh,ID,2022-03-28 01:12:28,4.1363,96.1285,78.39,81,80,1.99
147,Huarmey,PE,2022-03-28 01:12:28,-10.0681,-78.1522,72.43,78,100,7.52
148,Kavieng,PG,2022-03-28 01:12:29,-2.5744,150.7967,84.38,70,47,8.95
149,Khorixas,NA,2022-03-28 01:12:29,-20.3667,14.9667,68.23,68,13,1.81
150,Dwarahat,IN,2022-03-28 01:12:30,29.7833,79.4333,54.3,35,36,3.94
151,Axim,GH,2022-03-28 01:12:30,4.8699,-2.2405,79.9,88,100,5.14
152,Mandurah,AU,2022-03-28 01:12:31,-32.55,115.7,67.91,66,100,16.11
153,Codrington,AU,2022-03-28 01:12:31,-38.2667,141.9667,67.87,62,1,11.65
154,Mollendo,PE,2022-03-28 01:12:32,-17.0231,-72.0147,69.19,83,53,6.44
155,Vila Velha,BR,2022-03-28 01:12:33,-20.3297,-40.2925,78.94,87,0,6.91
156,Saldanha,ZA,2022-03-28 01:12:33,-33.0117,17.9442,62.17,76,13,8.12
157,Deolali,IN,2022-03-28 01:12:34,19.95,73.8333,76.23,45,8,5.37
158,Chuy,UY,2022-03-28 01:12:34,-33.6971,-53.4616,62.4,65,0,3.44
159,Kamenka,RU,2022-03-28 01:12:35,51.3223,42.7678,23.02,81,100,18.88
160,Kyzyl-Suu,KG,2022-03-28 01:12:35,42.3414,78.0056,28.87,67,40,6.69
161,Lompoc,US,2022-03-28 01:12:36,34.6391,-120.4579,59.63,70,100,12.66
162,Akdepe,TM,2022-03-28 01:12:36,42.0551,59.3788,44.58,54,100,8.97
163,Aktau,KZ,2022-03-28 01:12:37,43.65,51.2,37.98,87,98,17.05
164,Heihe,CN,2022-03-28 01:12:37,50.2441,127.4902,35.4,75,22,7.02
165,Geraldton,AU,2022-03-28 01:12:38,-28.7667,114.6,79.21,73,34,10.36
166,Najran,SA,2022-03-28 01:12:38,17.4924,44.1277,58.68,28,2,3.31
167,Haines Junction,CA,2022-03-28 01:12:39,60.7522,-137.5108,32.43,73,90,3.31
168,Ligayan,PH,2022-03-28 01:12:39,4.6533,119.4706,81.0,79,17,8.68
169,Yenagoa,NG,2022-03-28 01:12:40,4.9247,6.2642,78.3,91,8,3.42
170,Bilma,NE,2022-03-28 01:12:41,18.6853,12.9164,68.99,11,0,7.83
171,Ilulissat,GL,2022-03-28 01:12:41,69.2167,-51.1,33.82,40,66,24.16
172,Bethel,US,2022-03-28 01:12:42,41.3712,-73.414,34.11,75,100,8.99
173,Asyut,EG,2022-03-28 01:12:42,27.181,31.1837,56.21,38,0,9.86
174,Makakilo City,US,2022-03-28 01:11:56,21.3469,-158.0858,79.29,65,100,6.91
175,Souillac,MU,2022-03-28 01:12:43,-20.5167,57.5167,75.58,88,40,0.0
176,Karratha,AU,2022-03-28 01:12:43,-20.7377,116.8463,82.99,67,80,6.53
177,Ferlach,AT,2022-03-28 01:12:44,46.5269,14.3019,51.24,64,0,5.75
178,Kawalu,ID,2022-03-28 01:12:44,-7.3817,108.2082,75.25,91,100,3.11
179,Isangel,VU,2022-03-28 01:07:47,-19.55,169.2667,83.88,68,84,8.41
180,Deputatskiy,RU,2022-03-28 01:12:45,69.3,139.9,4.48,73,18,1.54
181,Warrenton,ZA,2022-03-28 01:12:45,-28.114,24.8475,64.31,41,0,9.19
182,Prachuap Khiri Khan,TH,2022-03-28 01:09:41,12.2167,99.75,81.68,77,88,2.62
183,Lavrentiya,RU,2022-03-28 01:12:46,65.5833,-171.0,16.95,79,29,2.55
184,Khatanga,RU,2022-03-28 01:12:47,71.9667,102.5,-8.05,97,100,8.08
185,Nizhneangarsk,RU,2022-03-28 01:12:47,55.7833,109.55,8.82,78,79,2.62
186,Barahona,DO,2022-03-28 01:12:48,18.2085,-71.1008,75.94,83,71,1.45
187,Port Alfred,ZA,2022-03-28 01:12:49,-33.5906,26.891,65.17,93,86,14.5
188,Dukat,RU,2022-03-28 01:13:49,62.55,155.55,2.44,90,98,5.77
189,Raudeberg,NO,2022-03-28 01:13:50,61.9875,5.1352,43.47,82,100,21.52
190,Miri,MY,2022-03-28 01:13:50,4.4148,114.0089,77.0,80,96,4.12
191,Lac Du Bonnet,CA,2022-03-28 01:13:51,50.2536,-96.0612,10.8,82,15,2.82
192,Christchurch,NZ,2022-03-28 01:09:13,-43.5333,172.6333,65.41,74,75,17.27
193,Verkhniy Fiagdon,RU,2022-03-28 01:13:51,42.8333,44.3053,25.47,94,100,8.59
194,Birao,CF,2022-03-28 01:13:52,10.2849,22.7882,75.88,10,16,11.27
195,Narsaq,GL,2022-03-28 01:13:52,60.9167,-46.05,41.22,73,27,6.78
196,Shingu,JP,2022-03-28 01:13:53,33.7333,135.9833,58.51,54,100,4.52
197,Los Andes,CL,2022-03-28 01:13:54,-32.8337,-70.5983,69.01,37,100,1.07
198,Opuwo,NA,2022-03-28 01:13:54,-18.0607,13.84,66.4,52,1,2.15
199,Benghazi,LY,2022-03-28 01:13:39,32.1167,20.0667,64.02,35,82,21.61
200,Gazojak,TM,2022-03-28 01:13:55,41.1875,61.4036,46.53,51,100,6.26
201,Balkhash,KZ,2022-03-28 01:13:56,46.844,74.9804,31.95,83,91,7.25
202,Walvis Bay,NA,2022-03-28 01:13:57,-22.9575,14.5053,63.09,89,14,6.08
203,Lano,NG,2022-03-28 01:13:57,10.1725,11.4715,75.51,12,19,7.38
204,Samarai,PG,2022-03-28 01:13:58,-10.6167,150.6667,84.22,71,38,2.15
205,Turukhansk,RU,2022-03-28 01:13:58,65.8167,87.9833,-9.29,100,100,5.08
206,Sinnamary,GF,2022-03-28 01:13:59,5.3833,-52.95,77.65,86,100,13.27
207,Arraial Do Cabo,BR,2022-03-28 01:11:51,-22.9661,-42.0278,76.82,91,95,6.38
208,Verkhnevilyuysk,RU,2022-03-28 01:14:00,63.4453,120.3167,18.7,90,100,5.46
209,Kirakira,SB,2022-03-28 01:14:00,-10.4544,161.9205,83.79,77,95,5.57
210,Bambous Virieux,MU,2022-03-28 01:14:01,-20.3428,57.7575,75.45,88,40,0.0
211,Singarayakonda,IN,2022-03-28 01:14:01,15.25,80.0333,77.02,83,8,3.62
212,Ankazoabo,MG,2022-03-28 01:14:02,-22.2833,44.5167,69.8,89,14,4.99
213,Lohardaga,IN,2022-03-28 01:14:02,23.4333,84.6833,71.62,13,0,3.53
214,Khilok,RU,2022-03-28 01:14:03,51.3674,110.4676,21.79,64,83,10.29
215,Vestmannaeyjar,IS,2022-03-28 01:14:04,63.4427,-20.2734,40.19,93,100,36.82
216,College,US,2022-03-28 01:14:04,64.8569,-147.8028,41.32,48,40,5.75
217,Krasnoselkup,RU,2022-03-28 01:14:04,65.7,82.4667,1.98,100,100,8.25
218,San Cristobal,VE,2022-03-28 01:14:05,7.7669,-72.225,71.78,89,99,2.33
219,Chishtian Mandi,PK,2022-03-28 01:14:06,29.8,72.8667,75.67,12,0,7.14
220,Skibbereen,IE,2022-03-28 01:14:06,51.55,-9.2667,44.11,94,2,7.94
221,Clyde River,CA,2022-03-28 01:14:06,70.4692,-68.5914,-4.07,96,100,3.98
222,Hilo,US,2022-03-28 01:10:33,19.7297,-155.09,80.33,61,0,9.22
223,Faya,SA,2022-03-28 01:14:07,18.3851,42.4509,54.12,40,0,3.0
224,Bara,NG,2022-03-28 01:14:08,10.3744,10.7288,74.8,12,12,10.92
225,Victoria,HK,2022-03-28 01:14:08,22.2855,114.1577,63.32,91,100,1.99
226,Provideniya,RU,2022-03-28 01:14:09,64.3833,-173.3,23.36,68,0,2.24
227,Butaritari,KI,2022-03-28 01:14:09,3.0707,172.7902,81.23,65,76,6.49
228,Tacuarembo,UY,2022-03-28 01:14:10,-31.7333,-55.9833,61.99,80,0,1.97
229,Adiake,CI,2022-03-28 01:14:10,5.2863,-3.304,79.39,87,99,4.25
230,Caramay,PH,2022-03-28 01:14:11,10.1815,119.236,81.23,82,41,6.98
231,Akyab,MM,2022-03-28 01:14:11,20.15,92.9,79.5,79,7,1.21
232,Georgetown,MY,2022-03-28 01:10:56,5.4112,100.3354,82.33,83,20,1.14
233,Vardo,NO,2022-03-28 01:15:12,70.3705,31.1107,26.55,57,100,12.75
234,Morrinhos,BR,2022-03-28 01:15:13,-17.7311,-49.0994,70.93,75,27,3.8
235,Miyako,JP,2022-03-28 01:15:13,39.6367,141.9525,45.97,54,3,14.52
236,Egersund,NO,2022-03-28 01:15:14,58.4513,5.9997,42.08,92,25,11.36
237,Uyemskiy,RU,2022-03-28 01:15:14,64.4743,40.8524,3.06,84,75,0.0
238,Sabang,ID,2022-03-28 01:15:15,5.8933,95.3214,83.03,68,100,2.59
239,Jacareacanga,BR,2022-03-28 01:15:15,-6.2222,-57.7528,74.41,98,100,1.88
240,Olavarria,AR,2022-03-28 01:11:26,-36.8927,-60.3225,59.09,60,0,3.85
241,Locri,IT,2022-03-28 01:15:16,38.2414,16.2623,57.33,92,100,10.74
242,Battle Creek,US,2022-03-28 01:15:16,42.3212,-85.1797,23.13,42,0,16.11
243,Salinopolis,BR,2022-03-28 01:15:17,-0.6136,-47.3561,78.37,86,99,9.57
244,Port Elizabeth,ZA,2022-03-28 01:13:26,-33.918,25.5701,63.32,99,11,7.14
245,Iskateley,RU,2022-03-28 01:15:17,67.6803,53.1512,7.72,95,100,12.48
246,Negombo,LK,2022-03-28 01:15:18,7.2083,79.8358,78.64,85,0,3.49
247,Eskil,TR,2022-03-28 01:15:18,38.4017,33.4131,38.68,61,0,5.55
248,Birjand,IR,2022-03-28 01:15:19,32.8663,59.2211,39.67,16,0,6.91
249,Mezen,RU,2022-03-28 01:15:19,65.8522,44.24,1.45,99,54,4.94
250,Klaksvik,FO,2022-03-28 01:15:20,62.2266,-6.589,40.12,80,100,16.42
251,Gasa,PS,2022-03-28 01:11:25,31.5,34.4667,54.14,85,0,5.68
252,Ancud,CL,2022-03-28 01:15:20,-41.8697,-73.8203,54.23,82,61,15.46
253,Keti Bandar,PK,2022-03-28 01:15:21,24.1447,67.4497,77.59,77,1,12.35
254,Tawau,MY,2022-03-28 01:15:21,4.2498,117.8871,82.53,77,76,4.21
255,Hadrut,AZ,2022-03-28 01:15:21,39.52,47.0318,34.09,73,0,4.99
256,Upata,VE,2022-03-28 01:15:22,8.0086,-62.3989,74.23,78,99,6.8
257,Cherskiy,RU,2022-03-28 01:15:22,68.75,161.3,6.73,85,97,8.08
258,Wanning,CN,2022-03-28 01:15:23,18.8003,110.3967,70.93,92,100,12.88
259,Arhus,DK,2022-03-28 01:12:21,56.1567,10.2108,42.85,88,83,15.03
260,Mossendjo,CG,2022-03-28 01:15:24,-2.9506,12.7261,69.98,98,98,0.16
261,Puerto Ayora,EC,2022-03-28 01:15:24,-0.7393,-90.3518,78.57,83,100,8.34
262,Hovd,MN,2022-03-28 01:15:25,48.0056,91.6419,31.71,42,71,9.33
263,Avera,US,2022-03-28 01:15:25,33.194,-82.5271,57.25,45,7,7.67
264,Catamarca,AR,2022-03-28 01:15:25,-28.4696,-65.7852,68.58,51,0,15.3
265,Atar,MR,2022-03-28 01:15:26,20.5169,-13.0499,73.22,19,100,3.94
266,Havre,FR,2022-03-28 01:15:27,49.5833,0.3333,50.4,87,11,5.75
267,Los Llanos De Aridane,ES,2022-03-28 01:15:27,28.6585,-17.9182,60.55,89,0,9.22
268,Boca Do Acre,BR,2022-03-28 01:15:27,-8.7522,-67.3978,75.0,92,100,1.12
269,Kaitangata,NZ,2022-03-28 01:15:28,-46.2817,169.8464,67.01,62,1,4.83
270,Belmonte,BR,2022-03-28 01:15:28,-15.8631,-38.8828,77.63,79,84,5.99
271,Mocuba,MZ,2022-03-28 01:15:29,-16.8392,36.9856,72.72,98,100,3.8
272,Port Hardy,CA,2022-03-28 01:15:29,50.6996,-127.4199,46.58,87,100,6.91
273,Blagoyevo,RU,2022-03-28 01:15:30,63.3667,47.9167,10.31,92,100,11.83
274,Umm Lajj,SA,2022-03-28 01:15:30,25.0213,37.2685,77.2,25,100,22.82
275,Muros,ES,2022-03-28 01:15:30,42.7762,-9.0603,54.09,85,100,4.54
276,Kysyl-Syr,RU,2022-03-28 01:15:31,63.8986,122.7617,19.6,93,100,5.21
277,Ganzhou,CN,2022-03-28 01:15:32,28.8184,115.4327,57.96,73,92,4.12
278,Mount Pleasant,US,2022-03-28 01:14:57,32.7941,-79.8626,63.01,40,0,0.0
279,Dingle,PH,2022-03-28 01:16:32,10.9995,122.6711,84.49,68,27,11.56
280,Kieta,PG,2022-03-28 01:16:33,-6.2167,155.6333,85.35,70,34,7.25
281,Bang Len,TH,2022-03-28 01:16:34,14.0219,100.1718,89.98,68,74,4.63
282,Oktyabrskoye,RU,2022-03-28 01:16:34,43.0645,44.7417,31.35,86,100,13.42
283,Asosa,ET,2022-03-28 01:16:35,10.0667,34.5333,67.91,23,12,4.16
284,Zaozerne,UA,2022-03-28 01:16:35,45.1582,33.2787,38.91,55,12,11.32
285,Riohacha,CO,2022-03-28 01:16:36,11.5444,-72.9072,80.01,76,55,12.37
286,Gazli,UZ,2022-03-28 01:16:37,40.1333,63.45,46.31,56,16,7.87
287,Belaya Gora,RU,2022-03-28 01:16:37,68.5333,146.4167,5.58,82,43,5.12
288,Kashi,CN,2022-03-28 01:16:38,39.4547,75.9797,50.34,22,100,6.82
289,Carbondale,US,2022-03-28 01:16:38,37.7273,-89.2168,42.8,52,0,4.61
290,Bolotnoye,RU,2022-03-28 01:16:39,55.6717,84.3981,5.22,86,4,7.43
291,Ilinskiy,RU,2022-03-28 01:16:40,55.619,38.1182,20.91,58,0,13.42
292,Ngunguru,NZ,2022-03-28 01:16:40,-35.6167,174.5,66.07,65,6,10.04
293,Maturin,VE,2022-03-28 01:16:41,9.75,-63.1767,75.69,82,100,8.77
294,Yugorsk,RU,2022-03-28 01:16:42,61.3133,63.3319,22.75,93,100,13.22
295,Constitucion,CL,2022-03-28 01:16:42,-35.3333,-72.4167,55.26,82,100,13.04
296,Severo-Kurilsk,RU,2022-03-28 01:16:43,50.6789,156.125,32.77,89,96,26.19
297,Lazaro Cardenas,MX,2022-03-28 01:16:43,17.9583,-102.2,76.84,57,10,7.63
298,Linares,CL,2022-03-28 01:16:44,-35.85,-71.6,58.93,49,61,5.73
299,Cocorit,MX,2022-03-28 01:16:44,27.5833,-109.9667,79.14,13,17,8.52
300,Alta Floresta,BR,2022-03-28 01:16:45,-9.8756,-56.0861,73.0,94,100,0.56
301,Yuci,CN,2022-03-28 01:16:46,37.6803,112.7319,44.35,29,0,4.47
302,Tumpat,MY,2022-03-28 01:16:46,6.1978,102.171,80.58,83,20,3.44
303,Kantang,TH,2022-03-28 01:16:47,7.4054,99.5156,80.69,94,20,0.0
304,Qasigiannguit,GL,2022-03-28 01:13:13,68.8193,-51.1922,34.05,64,85,9.57
305,Shumikha,RU,2022-03-28 01:16:48,55.2261,63.2961,20.66,92,46,15.32
306,Hasaki,JP,2022-03-28 01:16:48,35.7333,140.8333,61.2,69,91,15.35
307,Hamilton,US,2022-03-28 01:12:58,39.1834,-84.5333,34.93,56,0,9.22
308,Saint George,US,2022-03-28 01:16:49,37.1041,-113.5841,82.99,8,0,19.57
309,Kirksville,US,2022-03-28 01:15:41,40.1948,-92.5833,39.06,45,40,5.75
310,Korla,CN,2022-03-28 01:16:50,41.7597,86.1469,47.53,21,62,9.57
311,Airai,TL,2022-03-28 01:16:50,-8.9266,125.4092,69.37,67,100,1.32
312,Barcelos,PT,2022-03-28 01:12:22,41.5388,-8.6151,59.68,74,100,4.63
313,Brejo Da Madre De Deus,BR,2022-03-28 01:16:51,-8.1458,-36.3711,69.75,97,100,4.0
314,Calama,CL,2022-03-28 01:16:52,-22.4667,-68.9333,58.37,21,0,2.37
315,Ballina,AU,2022-03-28 01:16:52,-28.8667,153.5667,71.78,99,100,4.43
316,Vao,NC,2022-03-28 01:16:53,-22.6667,167.4833,77.05,66,7,15.99
317,Padang,ID,2022-03-28 01:16:53,-0.9492,100.3543,75.25,56,77,3.02
318,Marina,US,2022-03-28 01:14:24,36.6844,-121.8022,65.01,62,0,12.66
319,Thinadhoo,MV,2022-03-28 01:16:54,0.5333,72.9333,81.32,63,10,5.08
320,Praia,CV,2022-03-28 01:16:54,14.9215,-23.5087,70.34,73,20,11.5
321,Czersk,PL,2022-03-28 01:16:55,53.7959,17.9765,42.46,89,6,10.8
322,Cabinda,AO,2022-03-28 01:16:56,-5.55,12.2,80.2,93,100,8.97
323,Southbridge,US,2022-03-28 01:16:56,42.0751,-72.0334,35.92,67,66,5.01
324,Deep River,CA,2022-03-28 01:15:47,46.1001,-77.4995,12.43,75,100,11.18
325,Tumbi,TZ,2022-03-28 01:16:57,-5.0667,32.7333,64.78,87,8,2.86
326,Matara,LK,2022-03-28 01:17:58,5.9485,80.5353,76.64,89,5,5.41
327,Luderitz,NA,2022-03-28 01:17:58,-26.6481,15.1594,63.12,72,0,4.32
328,Jumla,NP,2022-03-28 01:15:04,29.2747,82.1838,47.05,52,1,4.05
329,Bulihan,PH,2022-03-28 01:17:59,14.2697,120.9955,86.68,59,69,11.79
330,Conceicao Do Araguaia,BR,2022-03-28 01:18:00,-8.2578,-49.2647,74.53,91,57,0.89
331,Izhma,RU,2022-03-28 01:18:00,65.0083,53.9113,17.47,97,100,4.99
332,Yuzhno-Kurilsk,RU,2022-03-28 01:18:01,44.0306,145.8556,37.26,70,30,12.03
333,Adrar,MR,2022-03-28 01:18:01,20.5022,-10.0711,77.38,12,5,3.11
334,Badin,PK,2022-03-28 01:18:02,24.656,68.8384,75.94,56,0,11.77
335,Suez,EG,2022-03-28 01:18:03,29.9737,32.5263,53.56,74,0,9.64
336,Faanui,PF,2022-03-28 01:18:04,-16.4833,-151.75,82.67,70,95,12.46
337,Yar-Sale,RU,2022-03-28 01:14:25,66.8333,70.8333,13.23,93,100,15.41
338,Pacific Grove,US,2022-03-28 01:13:26,36.6177,-121.9166,63.59,66,41,15.01
339,Goderich,CA,2022-03-28 01:18:05,43.7501,-81.7165,23.92,53,100,24.16
340,Katsuura,JP,2022-03-28 01:18:05,35.1333,140.3,55.56,81,100,11.25
341,Namatanai,PG,2022-03-28 01:18:06,-3.6667,152.4333,83.8,74,80,7.99
342,Nome,US,2022-03-28 01:18:07,64.5011,-165.4064,30.27,59,0,0.0
343,Ceres,US,2022-03-28 01:18:08,37.5949,-120.9577,73.8,41,0,10.36
344,Morros,BR,2022-03-28 01:18:08,-9.4467,-46.3003,74.44,78,19,2.57
345,Puerto Baquerizo Moreno,EC,2022-03-28 01:18:09,-0.9,-89.6,79.32,80,91,10.27
346,Norsup,VU,2022-03-28 01:18:10,-16.0667,167.3833,83.86,77,100,3.74
347,Rocha,UY,2022-03-28 01:18:10,-34.4833,-54.3333,61.45,55,0,5.28
348,Gao,ML,2022-03-28 01:18:11,16.6362,1.637,78.04,7,7,12.1
349,Whitehorse,CA,2022-03-28 01:15:47,60.7161,-135.0538,37.09,46,20,9.22
350,Necochea,AR,2022-03-28 01:18:12,-38.5473,-58.7368,58.12,60,0,3.15
351,Kilindoni,TZ,2022-03-28 01:18:13,-7.9139,39.6668,83.23,74,74,8.03
352,Liverpool,GB,2022-03-28 01:18:13,53.4106,-2.9779,54.61,78,100,4.61
353,Bam,IR,2022-03-28 01:18:14,29.106,58.357,60.62,14,0,2.55
354,Dali,CN,2022-03-28 01:18:14,25.7,100.1833,51.89,75,2,0.2
355,Harper,LR,2022-03-28 01:18:15,4.375,-7.7169,80.06,89,37,5.19
356,Athabasca,CA,2022-03-28 01:18:16,54.7169,-113.2854,34.21,94,100,4.59
357,Pokhara,NP,2022-03-28 01:18:16,28.2333,83.9833,66.83,24,0,6.29
358,Fruitvale,US,2022-03-28 01:18:17,39.0817,-108.4968,76.93,10,0,8.05
359,Bure,ET,2022-03-28 01:18:17,10.7,37.0667,61.59,37,5,3.31
360,Laguna,US,2022-03-28 01:18:18,38.421,-121.4238,66.4,59,0,12.66
361,Medea,DZ,2022-03-28 01:18:18,36.2642,2.7539,45.01,87,46,5.48
362,Richards Bay,ZA,2022-03-28 01:18:19,-28.783,32.0377,69.57,90,30,5.14
363,Grand Gaube,MU,2022-03-28 01:18:20,-20.0064,57.6608,75.6,85,2,1.99
364,Quthing,LS,2022-03-28 01:18:20,-30.4,27.7003,56.1,49,2,3.78
365,Kodinsk,RU,2022-03-28 01:18:21,58.6881,99.1844,8.19,94,84,4.83
366,Tiarei,PF,2022-03-28 01:18:21,-17.5333,-149.3333,86.02,74,61,15.26
367,Urengoy,RU,2022-03-28 01:18:22,65.9667,78.3667,7.84,95,100,8.99
368,Juneau,US,2022-03-28 01:15:47,58.3019,-134.4197,42.8,85,75,5.75
369,Caravelas,BR,2022-03-28 01:19:23,-17.7125,-39.2481,75.88,84,1,4.74
370,Liku,ID,2022-03-28 01:19:23,-0.7275,119.8922,81.64,68,100,1.34
371,Bayanday,RU,2022-03-28 01:19:24,53.0661,105.5139,12.42,88,43,5.73
372,Tarko-Sale,RU,2022-03-28 01:19:25,64.9225,77.785,10.98,94,98,12.21
373,Racine,US,2022-03-28 01:19:25,42.7495,-88.0751,29.1,51,0,4.61
374,Westport,US,2022-03-28 01:17:20,41.1415,-73.3579,37.44,63,100,14.97
375,New Kensington,US,2022-03-28 01:19:26,40.5698,-79.7648,27.21,67,81,3.0
376,Betsiamites,CA,2022-03-28 01:19:26,48.9413,-68.646,30.6,97,91,6.55
377,Nanortalik,GL,2022-03-28 01:19:27,60.1432,-45.2371,28.31,82,16,6.64
378,Harbour Breton,CA,2022-03-28 01:19:28,47.4833,-55.7983,35.96,99,100,6.4
379,Mayumba,GA,2022-03-28 01:19:28,-3.432,10.6554,78.91,88,98,3.74
380,Waipawa,NZ,2022-03-28 01:19:29,-41.4122,175.5153,57.24,75,95,8.16
381,Sur,OM,2022-03-28 01:19:30,22.5667,59.5289,78.93,43,0,2.77
382,Iqaluit,CA,2022-03-28 01:19:31,63.7506,-68.5145,15.53,92,100,5.75
383,Te Anau,NZ,2022-03-28 01:19:31,-45.4167,167.7167,73.17,44,1,2.28
384,Dina,CA,2022-03-28 01:19:32,52.9335,-110.0849,30.61,92,98,7.9
385,Salamanca,ES,2022-03-28 01:14:52,40.8333,-6.0,43.75,81,100,3.98
386,Santona,ES,2022-03-28 01:15:06,43.4439,-3.4576,64.33,72,100,7.4
387,Pallasovka,RU,2022-03-28 01:19:33,50.05,46.8833,24.55,91,97,14.83
388,Taoudenni,ML,2022-03-28 01:19:34,22.6783,-3.9836,85.62,28,5,6.87
389,Fergus Falls,US,2022-03-28 01:16:51,46.283,-96.0776,24.87,44,0,0.0
390,Zhigansk,RU,2022-03-28 01:19:34,66.7697,123.3711,11.77,94,100,4.72
391,Mangrol,IN,2022-03-28 01:19:35,21.1167,70.1167,77.94,59,5,8.46
392,Kununurra,AU,2022-03-28 01:19:36,-15.7667,128.7333,89.58,66,98,2.3
393,Yining,CN,2022-03-28 01:19:36,29.0361,114.5636,58.6,74,0,1.19
394,Trenggalek,ID,2022-03-28 01:19:37,-8.05,111.7167,81.39,78,100,1.81
395,Ivangorod,RU,2022-03-28 01:19:38,59.3716,28.2162,26.6,94,100,13.2
396,Broome,US,2022-03-28 01:19:38,42.2506,-75.833,23.02,72,40,16.11
397,Argayash,RU,2022-03-28 01:19:39,55.4888,60.8767,28.09,90,100,17.87
398,Nueve De Julio,AR,2022-03-28 01:19:39,-35.4444,-60.8831,62.28,59,0,1.54
399,Aljezur,PT,2022-03-28 01:19:40,37.3191,-8.8033,58.93,76,100,18.9
400,Mount Gambier,AU,2022-03-28 01:19:40,-37.8333,140.7667,69.01,57,8,6.69
401,Nalut,LY,2022-03-28 01:19:41,30.3333,10.85,63.37,34,0,10.76
402,Boddam,GB,2022-03-28 01:19:41,57.4667,-1.7833,42.44,81,1,4.65
403,Bereda,ES,2022-03-28 01:19:42,43.2686,-7.5406,52.57,81,100,1.32
404,Watsa,CD,2022-03-28 01:19:42,3.0372,29.5355,65.1,92,97,2.19
405,Kalabo,ZM,2022-03-28 01:19:43,-14.97,22.6814,67.62,83,100,1.01
406,Piacabucu,BR,2022-03-28 01:19:44,-10.4056,-36.4344,78.93,82,54,8.63
407,Sao Felix Do Xingu,BR,2022-03-28 01:19:44,-6.6447,-51.995,73.26,98,100,0.87
408,Grafton,US,2022-03-28 01:19:45,42.207,-71.6856,36.72,61,0,17.27
409,Tura,IN,2022-03-28 01:19:45,25.5198,90.2201,72.93,51,0,3.27
410,Dubuque,US,2022-03-28 01:19:31,42.4833,-90.8668,30.22,39,0,9.22
411,Kahului,US,2022-03-28 01:19:46,20.8947,-156.47,86.02,39,20,18.41
412,Husavik,IS,2022-03-28 01:19:47,66.0449,-17.3389,24.04,71,98,6.38
413,Cololaca,HN,2022-03-28 01:19:48,14.3,-88.8833,71.06,72,92,7.05
414,Esmeraldas,BR,2022-03-28 01:19:48,-19.7625,-44.3139,77.31,75,53,3.47
415,Gusau,NG,2022-03-28 01:19:49,12.1628,6.6614,75.94,11,1,13.15
416,Funadhoo,MV,2022-03-28 01:19:49,6.15,73.2667,82.17,68,16,4.36
417,Ahipara,NZ,2022-03-28 01:20:50,-35.1667,173.1667,71.35,56,0,7.2
418,Ibotirama,BR,2022-03-28 01:20:50,-12.1853,-43.2206,78.46,53,97,2.62
419,Capaci,IT,2022-03-28 01:20:51,38.1711,13.2393,59.25,65,0,8.05
420,Chimore,BO,2022-03-28 01:20:51,-16.9833,-65.1333,70.14,89,98,1.81
421,Djenne,ML,2022-03-28 01:20:52,13.9061,-4.5533,88.27,11,4,11.56
422,Abatskoye,RU,2022-03-28 01:20:52,56.2875,70.4555,10.62,97,97,8.34
423,Sola,VU,2022-03-28 01:20:53,-13.8833,167.55,83.07,71,100,12.68
424,Worland,US,2022-03-28 01:20:53,44.0169,-107.9554,69.67,24,0,4.61
425,Cap Malheureux,MU,2022-03-28 01:20:54,-19.9842,57.6142,75.47,85,1,1.99
426,Ruteng,ID,2022-03-28 01:20:54,-8.6136,120.4721,72.5,65,99,0.4
427,Kuryk,KZ,2022-03-28 01:20:55,43.2,51.65,41.99,93,52,11.36
428,Abu Zabad,SD,2022-03-28 01:20:56,12.35,29.25,68.9,12,5,13.27
429,Mogzon,RU,2022-03-28 01:20:56,51.7435,111.9606,18.93,67,21,10.42
430,Fortuna Foothills,US,2022-03-28 01:20:57,32.6578,-114.4119,89.69,17,0,19.57
431,Bontang,ID,2022-03-28 01:20:57,0.1333,117.5,79.45,78,100,4.38
432,Eten,PE,2022-03-28 01:20:58,-6.9081,-79.8642,71.65,75,100,10.16
433,Jimma,ET,2022-03-28 01:20:58,7.6667,36.8333,61.68,69,55,1.23
434,Uruzgan,AF,2022-03-28 01:20:59,32.8333,66.0,52.48,23,0,1.9
435,Hvide Sande,DK,2022-03-28 01:20:59,56.0045,8.1294,42.1,92,11,14.65
436,Longyearbyen,SJ,2022-03-28 01:21:00,78.2186,15.6401,1.51,95,88,5.21
437,Guerrero Negro,MX,2022-03-28 01:17:40,27.9769,-114.0611,65.7,64,100,11.05
438,Waddan,LY,2022-03-28 01:21:01,29.1614,16.139,65.55,11,15,13.2
439,Bandarbeyla,SO,2022-03-28 01:21:01,9.4942,50.8122,77.09,72,15,11.92
440,Hambantota,LK,2022-03-28 01:21:02,6.1241,81.1185,77.92,86,12,6.42
441,Itanhem,BR,2022-03-28 01:21:03,-17.1664,-40.33,71.53,90,9,5.59
442,Chabahar,IR,2022-03-28 01:21:03,25.2919,60.643,77.92,65,0,15.84
443,Leningradskiy,RU,2022-03-28 01:21:04,69.3833,178.4167,1.54,84,17,3.04
444,Raga,SS,2022-03-28 01:21:04,8.4596,25.678,71.2,15,64,4.43
445,Vanavara,RU,2022-03-28 01:21:05,60.34,102.2797,9.43,93,98,7.83
446,Camacha,PT,2022-03-28 01:21:06,33.0833,-16.3333,56.62,82,20,12.66
447,Pomabamba,PE,2022-03-28 01:21:06,-8.8333,-77.4667,52.27,90,99,4.03
448,Krasnoborsk,RU,2022-03-28 01:21:07,61.5598,45.934,12.25,88,100,12.12
449,Ziro,IN,2022-03-28 01:19:13,27.6333,93.8333,51.37,79,37,1.52
450,Saint-Francois,FR,2022-03-28 01:21:08,46.4154,3.9054,39.67,93,2,2.3
451,Roald,NO,2022-03-28 01:21:08,62.5833,6.1333,45.75,75,75,20.71
452,Stornoway,GB,2022-03-28 01:17:21,58.2093,-6.3865,45.93,87,8,0.0
453,Lwowek Slaski,PL,2022-03-28 01:21:10,51.1107,15.5858,47.93,66,0,5.3
454,Abu Kamal,SY,2022-03-28 01:21:11,34.4506,40.9171,49.23,55,0,8.48
455,Bajil,YE,2022-03-28 01:21:11,15.0584,43.2851,78.22,71,43,2.86
456,Beyneu,KZ,2022-03-28 01:21:12,45.3167,55.2,41.67,80,97,5.95
457,Merauke,ID,2022-03-28 01:21:13,-8.4667,140.3333,83.7,75,100,14.85
458,Tsaratanana,MG,2022-03-28 01:21:13,-16.7833,47.65,73.04,92,94,3.22
459,Orlovo,RU,2022-03-28 01:21:14,51.754,39.5873,21.49,72,11,14.61
460,Bang Saphan,TH,2022-03-28 01:21:14,11.2126,99.5117,81.1,75,60,2.95
461,Dawei,MM,2022-03-28 01:21:15,14.0833,98.2,81.3,76,98,2.46
462,Nipawin,CA,2022-03-28 01:21:16,53.3668,-104.0009,23.04,74,75,8.05
463,Dongsheng,CN,2022-03-28 01:21:16,39.8161,109.9776,39.38,31,9,20.29
464,Gorontalo,ID,2022-03-28 01:22:17,0.5412,123.0595,83.32,73,97,0.6
465,Araouane,ML,2022-03-28 01:22:18,18.9048,-3.5265,83.32,15,100,11.18
466,Ust-Maya,RU,2022-03-28 01:22:18,60.4167,134.5333,14.83,89,97,4.68
467,Olkhovatka,RU,2022-03-28 01:22:19,50.2831,39.2872,25.59,67,12,16.06
468,Pasighat,IN,2022-03-28 01:22:19,28.0667,95.3333,72.41,58,19,2.51
469,Nizhniy Odes,RU,2022-03-28 01:22:20,63.6445,54.856,26.4,97,100,5.84
470,Antsohihy,MG,2022-03-28 01:22:21,-14.8796,47.9875,74.17,96,100,1.19
471,Boden,SE,2022-03-28 01:22:21,65.8252,21.6886,23.0,95,100,9.66
472,Sayat,TM,2022-03-28 01:22:22,38.7839,63.8803,48.07,52,6,8.28
473,Shagamu,NG,2022-03-28 01:22:22,6.8432,3.6478,82.18,82,3,3.18
474,Amapa,BR,2022-03-28 01:22:23,1.0,-52.0,72.39,98,100,3.04
475,Torbay,CA,2022-03-28 01:17:47,47.6666,-52.7314,38.75,89,100,21.85
476,Santa Cruz,BO,2022-03-28 01:22:24,-17.8,-63.1667,69.26,88,97,2.3
477,Nhulunbuy,AU,2022-03-28 01:22:24,-12.2333,136.7667,88.41,66,75,9.22
478,Ferreiros,PT,2022-03-28 01:22:25,41.35,-8.55,58.68,72,0,8.05
479,Colgong,IN,2022-03-28 01:18:41,25.2667,87.2167,73.85,35,0,1.36
480,Jibuti,DJ,2022-03-28 01:19:00,11.5,42.5,72.19,54,10,7.54
481,Bayan,CN,2022-03-28 01:22:26,46.0833,127.4,41.05,38,7,13.53
482,Fallon,US,2022-03-28 01:22:26,39.4735,-118.7774,73.27,14,75,12.66
483,Karangampel,ID,2022-03-28 01:22:27,-6.4622,108.4519,80.83,76,47,1.9
484,Nuevo Casas Grandes,MX,2022-03-28 01:19:44,30.4167,-107.9167,77.76,7,18,3.0
485,Kindu,CD,2022-03-28 01:22:28,-2.95,25.95,69.73,99,100,3.65
486,Petropavlovsk-Kamchatskiy,RU,2022-03-28 01:22:28,53.0452,158.6483,34.39,87,75,4.47
487,Akabira,JP,2022-03-28 01:22:29,43.5514,142.0531,37.24,79,64,15.21
488,Roquetas De Mar,ES,2022-03-28 01:22:29,36.7642,-2.6148,60.8,57,100,15.39
489,Mana,GF,2022-03-28 01:22:30,5.6592,-53.7767,76.91,88,100,10.04
490,Yulara,AU,2022-03-28 01:22:31,-25.2406,130.9889,85.84,13,90,8.05
491,Tanout,NE,2022-03-28 01:22:31,14.9709,8.8879,68.07,10,0,12.21
492,Hohhot,CN,2022-03-28 01:22:32,40.8106,111.6522,44.89,26,0,6.71
493,Sakakah,SA,2022-03-28 01:22:32,29.9697,40.2064,49.57,36,0,11.41
494,Paamiut,GL,2022-03-28 01:22:33,61.994,-49.6678,24.71,83,69,7.87
495,Harrisonburg,US,2022-03-28 01:20:19,38.4496,-78.8689,34.16,49,0,17.27
496,Sundumbili,ZA,2022-03-28 01:22:34,-29.1337,31.3975,69.33,90,57,4.99
497,Acajutla,SV,2022-03-28 01:22:35,13.5928,-89.8275,80.78,62,43,5.84
498,Clinton,US,2022-03-28 01:21:11,42.587,-82.9199,26.92,55,75,11.5
499,Bowen,AU,2022-03-28 01:22:36,-20.0167,148.2333,85.66,54,0,3.09
500,Kihei,US,2022-03-28 01:22:36,20.785,-156.4656,86.02,64,20,18.41
501,Carballo,ES,2022-03-28 01:22:37,43.213,-8.691,56.62,90,100,2.17
502,Hearst,CA,2022-03-28 01:22:38,49.6835,-83.6665,7.05,93,100,8.41
503,Gat,IL,2022-03-28 01:22:38,31.61,34.7642,51.4,87,0,4.36
504,Mehamn,NO,2022-03-28 01:22:39,71.0357,27.8492,21.72,82,100,5.28
505,Paracatu,BR,2022-03-28 01:19:25,-17.2222,-46.8747,74.17,66,37,1.86
506,Xining,CN,2022-03-28 01:22:40,36.6167,101.7667,41.27,26,58,2.24
507,Manicore,BR,2022-03-28 01:23:40,-5.8092,-61.3003,74.77,98,100,1.28
508,Papara,BR,2022-03-28 01:23:41,-3.9839,-38.7273,77.4,95,100,2.93
509,Ilam,NP,2022-03-28 01:23:41,26.9167,87.9167,64.06,31,0,5.1
510,Novyy Urengoy,RU,2022-03-28 01:23:42,66.0833,76.6333,5.65,96,100,9.44
511,San Jose,US,2022-03-28 01:23:05,37.3394,-121.895,64.72,59,75,19.57
512,Kalamazoo,US,2022-03-28 01:23:43,42.2506,-85.55,22.57,61,0,10.36
513,Dembi Dolo,ET,2022-03-28 01:23:43,8.5333,34.8,63.64,35,16,4.0
514,Ploemeur,FR,2022-03-28 01:23:44,47.7333,-3.4333,54.82,78,0,8.05
515,Waingapu,ID,2022-03-28 01:23:44,-9.6567,120.2641,82.44,72,99,1.34
516,Pochinki,RU,2022-03-28 01:23:45,54.6988,44.8668,20.23,86,100,14.79
517,Newport,GB,2022-03-28 01:21:24,51.5877,-2.9984,48.25,89,0,7.14
518,Lethem,GY,2022-03-28 01:23:46,3.3803,-59.7968,78.46,77,89,10.02
519,Nemuro,JP,2022-03-28 01:23:47,43.3236,145.575,36.68,71,100,11.83
520,Kavaratti,IN,2022-03-28 01:23:47,10.5669,72.642,82.65,75,55,6.64
521,Hachinohe,JP,2022-03-28 01:23:48,40.5,141.5,46.58,42,75,17.27
522,Esfahan,IR,2022-03-28 01:23:49,32.6572,51.6776,29.84,24,0,6.38
523,Puerto Cabezas,NI,2022-03-28 01:23:49,14.0351,-83.3888,76.5,79,52,9.64
524,Presidente Medici,BR,2022-03-28 01:23:50,-11.1753,-61.9014,74.7,96,100,1.7
525,Alice Springs,AU,2022-03-28 01:23:50,-23.7,133.8833,83.75,18,4,12.66
526,Omsukchan,RU,2022-03-28 01:23:51,62.5333,155.8,2.19,92,100,6.44
527,Merritt Island,US,2022-03-28 01:21:43,28.5392,-80.672,71.69,43,0,8.05
528,Belle Fourche,US,2022-03-28 01:23:52,44.6714,-103.8522,58.32,25,50,12.71
529,Chinchani,IN,2022-03-28 01:23:52,19.8667,72.7,77.97,75,11,3.76
530,San Ramon,US,2022-03-28 01:20:23,37.7799,-121.978,63.64,59,0,16.11
531,Pemangkat,ID,2022-03-28 01:23:53,1.1667,108.9667,79.56,80,38,4.47
532,Pangnirtung,CA,2022-03-28 01:23:54,66.1451,-65.7125,15.42,62,81,6.98
533,Comodoro Rivadavia,AR,2022-03-28 01:23:54,-45.8667,-67.5,60.66,39,0,13.8
534,Sturgeon Falls,CA,2022-03-28 01:23:55,46.3646,-79.9326,12.88,75,100,11.39
535,La Sarre,CA,2022-03-28 01:23:55,48.8002,-79.1996,3.96,86,100,11.5
536,Ornskoldsvik,SE,2022-03-28 01:23:56,63.2909,18.7153,38.35,75,75,17.27
537,Bushehr,IR,2022-03-28 01:23:57,28.9684,50.8385,64.49,45,0,26.46
538,Oranjemund,NA,2022-03-28 01:23:57,-28.55,16.4333,62.85,66,0,3.74
539,Capao Da Canoa,BR,2022-03-28 01:23:58,-29.7456,-50.0097,67.62,81,0,8.55
540,Sokolo,ML,2022-03-28 01:21:10,14.7328,-6.1219,88.68,19,96,7.11
541,Nizwa,OM,2022-03-28 01:23:59,22.9333,57.5333,73.6,26,0,1.21
542,Pangai,TO,2022-03-28 01:23:59,-19.8,-174.35,82.51,83,75,13.8
